{"cameraMode":{"drawMode":0,"name":"Shaded","section":"Shading Mode"},"sceneLighting":false,"audioPlay":false,"sceneViewState":{"showFog":true,"showMaterialUpdate":false,"showSkybox":false,"showFlares":true,"showImageEffects":true,"showParticleSystems":true},"in2DMode":false,"pivot":{"x":1113.7548828125,"y":554.2870483398438,"z":70.861083984375},"rotation":{"x":-0.20433710515499116,"y":-0.015566162765026093,"z":0.00325665227137506,"w":-0.9787878394126892},"size":628.075439453125,"orthographic":false}