{"cameraMode":{"drawMode":0,"name":"Shaded","section":"Shading Mode"},"sceneLighting":true,"audioPlay":false,"sceneViewState":{"showFog":true,"showMaterialUpdate":false,"showSkybox":true,"showFlares":true,"showImageEffects":true,"showParticleSystems":true},"in2DMode":false,"pivot":{"x":9.39306640625,"y":3.903076171875,"z":-3.2822265625},"rotation":{"x":0.19172225892543794,"y":-0.013234453275799752,"z":0.0027686154935508968,"w":0.9815606474876404},"size":7.196548938751221,"orthographic":true}