{"cameraMode":{"drawMode":0,"name":"Shaded","section":"Shading Mode"},"sceneLighting":false,"audioPlay":false,"sceneViewState":{"showFog":true,"showMaterialUpdate":false,"showSkybox":false,"showFlares":true,"showImageEffects":true,"showParticleSystems":true},"in2DMode":false,"pivot":{"x":727.2960205078125,"y":809.9234008789063,"z":-103.0993423461914},"rotation":{"x":-0.07550077140331269,"y":0.029878143221139909,"z":0.0025235083885490896,"w":0.9968597292900086},"size":690.6762084960938,"orthographic":true}