{"cameraMode":{"drawMode":0,"name":"Shaded","section":"Shading Mode"},"sceneLighting":false,"audioPlay":false,"sceneViewState":{"showFog":true,"showMaterialUpdate":false,"showSkybox":false,"showFlares":true,"showImageEffects":true,"showParticleSystems":true},"in2DMode":false,"pivot":{"x":681.4066772460938,"y":1053.3157958984375,"z":103.6806640625},"rotation":{"x":-0.027306508272886277,"y":0.0005969895864836872,"z":-0.000017092388588935137,"w":-0.9996360540390015},"size":13.907073974609375,"orthographic":false}