{"cameraMode":{"drawMode":0,"name":"Shaded","section":"Shading Mode"},"sceneLighting":true,"audioPlay":false,"sceneViewState":{"showFog":true,"showMaterialUpdate":false,"showSkybox":true,"showFlares":true,"showImageEffects":true,"showParticleSystems":true},"in2DMode":false,"pivot":{"x":1.0914154052734376,"y":-0.1171875,"z":3.7666015625},"rotation":{"x":0.204110249876976,"y":0.019091319292783738,"z":-0.002601425163447857,"w":0.9790696501731873},"size":10.582096099853516,"orthographic":true}