{"cameraMode":{"drawMode":0,"name":"Shaded","section":"Shading Mode"},"sceneLighting":true,"audioPlay":false,"sceneViewState":{"showFog":true,"showMaterialUpdate":false,"showSkybox":true,"showFlares":true,"showImageEffects":true,"showParticleSystems":true},"in2DMode":false,"pivot":{"x":-8.826070785522461,"y":13.793556213378907,"z":37.20148468017578},"rotation":{"x":-0.009234885685145855,"y":0.12625563144683839,"z":-0.0011768488911911846,"w":-0.9919679760932922},"size":40.81959915161133,"orthographic":false}