{"cameraMode":{"drawMode":0,"name":"Shaded","section":"Shading Mode"},"sceneLighting":true,"audioPlay":false,"sceneViewState":{"showFog":true,"showMaterialUpdate":false,"showSkybox":true,"showFlares":true,"showImageEffects":true,"showParticleSystems":true},"in2DMode":false,"pivot":{"x":11.08660888671875,"y":63.1171875,"z":-77.5166015625},"rotation":{"x":-0.2739928662776947,"y":-0.0019886582158505918,"z":0.0006735885399393737,"w":-0.9618773460388184},"size":141.6917724609375,"orthographic":true}