{"cameraMode":{"drawMode":0,"name":"Shaded","section":"Shading Mode"},"sceneLighting":true,"audioPlay":false,"sceneViewState":{"showFog":true,"showMaterialUpdate":false,"showSkybox":true,"showFlares":true,"showImageEffects":true,"showParticleSystems":true},"in2DMode":false,"pivot":{"x":13.120185852050782,"y":4.505859375,"z":2.9140625},"rotation":{"x":0.2777891755104065,"y":0.001334387925453484,"z":-0.0005331168067641556,"w":0.9609777331352234},"size":16.534395217895509,"orthographic":true}