{"cameraMode":{"drawMode":0,"name":"Shaded","section":"Shading Mode"},"sceneLighting":true,"audioPlay":false,"sceneViewState":{"showFog":true,"showMaterialUpdate":false,"showSkybox":true,"showFlares":true,"showImageEffects":true,"showParticleSystems":true},"in2DMode":false,"pivot":{"x":69.988525390625,"y":6.712890625,"z":94.82421875},"rotation":{"x":0.2624521255493164,"y":0.031744200736284259,"z":-0.006791029591113329,"w":0.9649375677108765},"size":60.7070426940918,"orthographic":true}