{"cameraMode":{"drawMode":0,"name":"Shaded","section":"Shading Mode"},"sceneLighting":true,"audioPlay":false,"sceneViewState":{"showFog":true,"showMaterialUpdate":false,"showSkybox":true,"showFlares":true,"showImageEffects":true,"showParticleSystems":true},"in2DMode":false,"pivot":{"x":8.6527099609375,"y":-1.193359375,"z":2.62890625},"rotation":{"x":0.2342495322227478,"y":0.008770426735281945,"z":-0.0019448507810011507,"w":0.9723761677742004},"size":19.359182357788087,"orthographic":true}