{"cameraMode":{"drawMode":0,"name":"Shaded","section":"Shading Mode"},"sceneLighting":true,"audioPlay":false,"sceneViewState":{"showFog":true,"showMaterialUpdate":false,"showSkybox":true,"showFlares":true,"showImageEffects":true,"showParticleSystems":true},"in2DMode":false,"pivot":{"x":11.84000015258789,"y":0.009999752044677735,"z":45.70000076293945},"rotation":{"x":0.26331979036331179,"y":0.011462835595011711,"z":-0.0033318439964205028,"w":0.9649539589881897},"size":51.667598724365237,"orthographic":true}