{"cameraMode":{"drawMode":0,"name":"Shaded","section":"Shading Mode"},"sceneLighting":true,"audioPlay":false,"sceneViewState":{"showFog":true,"showMaterialUpdate":false,"showSkybox":true,"showFlares":true,"showImageEffects":true,"showParticleSystems":true},"in2DMode":false,"pivot":{"x":12.526611328125,"y":-8.43359375,"z":22.62890625},"rotation":{"x":0.3643847405910492,"y":0.007042447570711374,"z":-0.0025386479683220388,"w":0.9314475059509277},"size":89.92247009277344,"orthographic":true}