{"cameraMode":{"drawMode":0,"name":"Shaded","section":"Shading Mode"},"sceneLighting":true,"audioPlay":false,"sceneViewState":{"showFog":true,"showMaterialUpdate":false,"showSkybox":true,"showFlares":true,"showImageEffects":true,"showParticleSystems":true},"in2DMode":false,"pivot":{"x":-8.696897506713868,"y":1.7999999523162842,"z":17.725967407226564},"rotation":{"x":0.197636216878891,"y":-0.0014513058122247458,"z":0.0004945073742419481,"w":0.9805166125297546},"size":3.636709213256836,"orthographic":true}