{"cameraMode":{"drawMode":0,"name":"Shaded","section":"Shading Mode"},"sceneLighting":true,"audioPlay":false,"sceneViewState":{"showFog":true,"showMaterialUpdate":false,"showSkybox":true,"showFlares":true,"showImageEffects":true,"showParticleSystems":true},"in2DMode":false,"pivot":{"x":27.479736328125,"y":62.761474609375,"z":-337.505859375},"rotation":{"x":0.08627922087907791,"y":-0.02391652576625347,"z":0.0022207421716302635,"w":0.9961783289909363},"size":5.363106727600098,"orthographic":true}