{"cameraMode":{"drawMode":0,"name":"Shaded","section":"Shading Mode"},"sceneLighting":true,"audioPlay":false,"sceneViewState":{"showFog":true,"showMaterialUpdate":false,"showSkybox":true,"showFlares":true,"showImageEffects":true,"showParticleSystems":true},"in2DMode":false,"pivot":{"x":0.14034652709960938,"y":-1.203125,"z":12.005859375},"rotation":{"x":0.23859386146068574,"y":-0.0014566911850124598,"z":0.00038208827027119696,"w":0.9711993932723999},"size":42.94862365722656,"orthographic":true}