{"cameraMode":{"drawMode":0,"name":"Shaded","section":"Shading Mode"},"sceneLighting":false,"audioPlay":false,"sceneViewState":{"showFog":true,"showMaterialUpdate":false,"showSkybox":false,"showFlares":true,"showImageEffects":true,"showParticleSystems":true},"in2DMode":false,"pivot":{"x":5.75,"y":3.940000057220459,"z":0.6200001239776611},"rotation":{"x":0.03793496638536453,"y":0.15822628140449525,"z":-0.005916948430240154,"w":0.9867910146713257},"size":13.101089477539063,"orthographic":true}