{"cameraMode":{"drawMode":0,"name":"Shaded","section":"Shading Mode"},"sceneLighting":true,"audioPlay":false,"sceneViewState":{"showFog":true,"showMaterialUpdate":false,"showSkybox":true,"showFlares":true,"showImageEffects":true,"showParticleSystems":true},"in2DMode":false,"pivot":{"x":9.042236328125,"y":147.9033203125,"z":-194.494140625},"rotation":{"x":0.281951367855072,"y":-0.0230236928910017,"z":0.006786230020225048,"w":0.9591808319091797},"size":35.48076629638672,"orthographic":true}