{"cameraMode":{"drawMode":0,"name":"Shaded","section":"Shading Mode"},"sceneLighting":true,"audioPlay":false,"sceneViewState":{"showFog":true,"showMaterialUpdate":false,"showSkybox":true,"showFlares":true,"showImageEffects":true,"showParticleSystems":true},"in2DMode":false,"pivot":{"x":8.398170471191407,"y":-7.091675281524658,"z":15.038329124450684},"rotation":{"x":0.3572279214859009,"y":-0.032337699085474017,"z":0.012234581634402275,"w":0.933722972869873},"size":68.46656799316406,"orthographic":true}