{"cameraMode":{"drawMode":0,"name":"Shaded","section":"Shading Mode"},"sceneLighting":true,"audioPlay":false,"sceneViewState":{"showFog":true,"showMaterialUpdate":false,"showSkybox":true,"showFlares":true,"showImageEffects":true,"showParticleSystems":true},"in2DMode":false,"pivot":{"x":4.68212890625,"y":26.7734375,"z":0.6328125},"rotation":{"x":0.11161994934082031,"y":0.028318071737885476,"z":-0.0031820328440517189,"w":0.9933453798294067},"size":38.131587982177737,"orthographic":true}