{"cameraMode":{"drawMode":0,"name":"Shaded","section":"Shading Mode"},"sceneLighting":true,"audioPlay":false,"sceneViewState":{"showFog":true,"showMaterialUpdate":false,"showSkybox":true,"showFlares":true,"showImageEffects":true,"showParticleSystems":true},"in2DMode":false,"pivot":{"x":27.43310546875,"y":20.5672607421875,"z":18.681640625},"rotation":{"x":0.09273849427700043,"y":0.0522492490708828,"z":-0.004873110447078943,"w":0.9943118691444397},"size":2.1023945808410646,"orthographic":true}