{"cameraMode":{"drawMode":0,"name":"Shaded","section":"Shading Mode"},"sceneLighting":true,"audioPlay":false,"sceneViewState":{"showFog":true,"showMaterialUpdate":false,"showSkybox":true,"showFlares":true,"showImageEffects":true,"showParticleSystems":true},"in2DMode":false,"pivot":{"x":-14.906494140625,"y":9.8857421875,"z":-13.28515625},"rotation":{"x":0.20932196080684663,"y":-0.01759623922407627,"z":0.0038240214344114067,"w":0.9777714014053345},"size":20.287212371826173,"orthographic":true}