{"cameraMode":{"drawMode":0,"name":"Shaded","section":"Shading Mode"},"sceneLighting":true,"audioPlay":false,"sceneViewState":{"showFog":true,"showMaterialUpdate":false,"showSkybox":true,"showFlares":true,"showImageEffects":true,"showParticleSystems":true},"in2DMode":false,"pivot":{"x":52.15087890625,"y":7.42578125,"z":32.078125},"rotation":{"x":0.23044516146183015,"y":-0.014551183208823204,"z":0.005112125538289547,"w":0.9733268618583679},"size":55.290714263916019,"orthographic":true}