{"cameraMode":{"drawMode":0,"name":"Shaded","section":"Shading Mode"},"sceneLighting":true,"audioPlay":false,"sceneViewState":{"showFog":true,"showMaterialUpdate":false,"showSkybox":true,"showFlares":true,"showImageEffects":true,"showParticleSystems":true},"in2DMode":false,"pivot":{"x":14.9775390625,"y":15.236328125,"z":-3.80078125},"rotation":{"x":-0.27790215611457827,"y":0.052575476467609408,"z":-0.015751933678984643,"w":-0.9592905044555664},"size":27.49940299987793,"orthographic":true}