{"cameraMode":{"drawMode":0,"name":"Shaded","section":"Shading Mode"},"sceneLighting":true,"audioPlay":false,"sceneViewState":{"showFog":true,"showMaterialUpdate":false,"showSkybox":true,"showFlares":true,"showImageEffects":true,"showParticleSystems":true},"in2DMode":false,"pivot":{"x":-1.883544921875,"y":10.96484375,"z":-13.87109375},"rotation":{"x":0.2122708112001419,"y":0.01319861225783825,"z":-0.0028112148866057398,"w":0.9772068858146668},"size":17.74046516418457,"orthographic":true}