{"cameraMode":{"drawMode":0,"name":"Shaded","section":"Shading Mode"},"sceneLighting":true,"audioPlay":false,"sceneViewState":{"showFog":true,"showMaterialUpdate":false,"showSkybox":true,"showFlares":true,"showImageEffects":true,"showParticleSystems":true},"in2DMode":false,"pivot":{"x":-13.502307891845704,"y":3.63427734375,"z":20.7939453125},"rotation":{"x":0.29788264632225039,"y":-0.001410223194397986,"z":0.000588354654610157,"w":0.9548559188842773},"size":12.553176879882813,"orthographic":true}