{"cameraMode":{"drawMode":0,"name":"Shaded","section":"Shading Mode"},"sceneLighting":true,"audioPlay":false,"sceneViewState":{"showFog":true,"showMaterialUpdate":false,"showSkybox":true,"showFlares":true,"showImageEffects":true,"showParticleSystems":true},"in2DMode":false,"pivot":{"x":-5767.484375,"y":3698.819580078125,"z":1874.3509521484375},"rotation":{"x":0.17542824149131776,"y":0.48586195707321169,"z":-0.10018695890903473,"w":0.8505000472068787},"size":1649.0872802734375,"orthographic":false}