{"cameraMode":{"drawMode":0,"name":"Shaded","section":"Shading Mode"},"sceneLighting":true,"audioPlay":false,"sceneViewState":{"showFog":true,"showMaterialUpdate":false,"showSkybox":true,"showFlares":true,"showImageEffects":true,"showParticleSystems":true},"in2DMode":false,"pivot":{"x":33.73291015625,"y":3.29736328125,"z":5.1494140625},"rotation":{"x":0.061487168073654178,"y":-0.18776437640190125,"z":0.010587730444967747,"w":0.9806153774261475},"size":5.846638202667236,"orthographic":true}