{"cameraMode":{"drawMode":0,"name":"Shaded","section":"Shading Mode"},"sceneLighting":true,"audioPlay":false,"sceneViewState":{"showFog":true,"showMaterialUpdate":false,"showSkybox":true,"showFlares":true,"showImageEffects":true,"showParticleSystems":true},"in2DMode":false,"pivot":{"x":-31.617740631103517,"y":3.9416892528533937,"z":13.513016700744629},"rotation":{"x":0.3254534900188446,"y":0.12461109459400177,"z":-0.04330381006002426,"w":0.9363915324211121},"size":107.75004577636719,"orthographic":true}