{"cameraMode":{"drawMode":0,"name":"Shaded","section":"Shading Mode"},"sceneLighting":true,"audioPlay":false,"sceneViewState":{"showFog":true,"showMaterialUpdate":false,"showSkybox":true,"showFlares":true,"showImageEffects":true,"showParticleSystems":true},"in2DMode":false,"pivot":{"x":33.73291015625,"y":3.29736328125,"z":5.1494140625},"rotation":{"x":0.2554709017276764,"y":-0.07285521179437638,"z":0.018144885078072549,"w":0.9642890095710754},"size":14.625946998596192,"orthographic":true}