{"cameraMode":{"drawMode":0,"name":"Shaded","section":"Shading Mode"},"sceneLighting":true,"audioPlay":false,"sceneViewState":{"showFog":false,"showMaterialUpdate":false,"showSkybox":false,"showFlares":false,"showImageEffects":false,"showParticleSystems":false},"in2DMode":false,"pivot":{"x":-1.4890341758728028,"y":-0.18607521057128907,"z":5.8819580078125},"rotation":{"x":0.3211171329021454,"y":-0.07235666364431381,"z":0.024609411135315896,"w":0.9439635276794434},"size":9.49160099029541,"orthographic":false}