{"cameraMode":{"drawMode":0,"name":"Shaded","section":"Shading Mode"},"sceneLighting":true,"audioPlay":false,"sceneViewState":{"showFog":true,"showMaterialUpdate":false,"showSkybox":true,"showFlares":true,"showImageEffects":true,"showParticleSystems":true},"in2DMode":false,"pivot":{"x":1.2491908073425294,"y":20.64289093017578,"z":14.454235076904297},"rotation":{"x":-0.0033064919989556076,"y":0.04408283159136772,"z":-0.0001441981439711526,"w":-0.9990265369415283},"size":17.525238037109376,"orthographic":false}