{"cameraMode":{"drawMode":0,"name":"Shaded","section":"Shading Mode"},"sceneLighting":true,"audioPlay":false,"sceneViewState":{"showFog":true,"showMaterialUpdate":false,"showSkybox":true,"showFlares":true,"showImageEffects":true,"showParticleSystems":true},"in2DMode":false,"pivot":{"x":524.5880126953125,"y":1878.2001953125,"z":165.7862548828125},"rotation":{"x":0.01168657187372446,"y":-0.024898672476410867,"z":-0.0002893907076213509,"w":-0.999625563621521},"size":751.4330444335938,"orthographic":false}