{"cameraMode":{"drawMode":0,"name":"Shaded","section":"Shading Mode"},"sceneLighting":true,"audioPlay":false,"sceneViewState":{"showFog":true,"showMaterialUpdate":false,"showSkybox":true,"showFlares":true,"showImageEffects":true,"showParticleSystems":true},"in2DMode":false,"pivot":{"x":754.12890625,"y":1368.88671875,"z":35.1685791015625},"rotation":{"x":-0.045288559049367908,"y":-0.015885794535279275,"z":0.0007215348887257278,"w":-0.9988508820533752},"size":1023.6441650390625,"orthographic":false}