{"cameraMode":{"drawMode":0,"name":"Shaded","section":"Shading Mode"},"sceneLighting":false,"audioPlay":false,"sceneViewState":{"showFog":false,"showMaterialUpdate":false,"showSkybox":false,"showFlares":false,"showImageEffects":false,"showParticleSystems":false},"in2DMode":false,"pivot":{"x":-0.6400003433227539,"y":0.32778358459472659,"z":0.0},"rotation":{"x":0.2630080580711365,"y":0.07660369575023651,"z":-0.02095133624970913,"w":0.9615265130996704},"size":31.565956115722658,"orthographic":true}