{"cameraMode":{"drawMode":0,"name":"Shaded","section":"Shading Mode"},"sceneLighting":false,"audioPlay":false,"sceneViewState":{"showFog":false,"showMaterialUpdate":false,"showSkybox":false,"showFlares":false,"showImageEffects":false,"showParticleSystems":false},"in2DMode":false,"pivot":{"x":13.260887145996094,"y":73.5974349975586,"z":-145.41824340820313},"rotation":{"x":0.2218089997768402,"y":0.10507494956254959,"z":-0.02404659427702427,"w":0.9691221714019775},"size":8.798160552978516,"orthographic":true}